{
	"pages": [ //pages数组中第一项表示应用启动页，参考：https://uniapp.dcloud.io/collocation/pages
		{
			"path": "pages/index/index",
			 "style":{
			 	"app-plus":{"titleNView":false}
			 }
			 
		},
		{
			"path": "pages/index/404",
			 "style":{
			 	"app-plus":{"titleNView":false}
			 }
			 
		},
		{
			"path": "pages/index/payload/payload",
			 "style":{
			 	"app-plus":{"titleNView":false}
			 }
			 
		},
		{
			"path": "pages/index/About",
			 "style":{
			 	"app-plus":{"titleNView":false}
			 }
			 
		},
		{
			"path": "pages/index/check",
			 "style":{
			 	"app-plus":{"titleNView":false}
			 }
			 
		},
		{
			"path": "pages/index/login",
			 "style":{
			 	"app-plus":{"titleNView":false}
			 }
			 
		},
		{
			"path": "pages/index/tableList",
			 "style":{
			 	"app-plus":{"titleNView":false}
			 }
			 
		},
		{
			"path": "pages/index/swipe-action",
			 "style":{
			 	"app-plus":{"titleNView":false}
			 }
			 
		} 
        ,{
            "path" : "pages/index/payload/payload",
            "style" : {
				"app-plus":{"titleNView":false}
			}
        }
        ,{
            "path" : "pages/index/centerPay/centerPay",
            "style" : {
				"app-plus":{"titleNView":false}
			}
        }
    ],
	"tabBar": {
	    "color": "#2C405A",
	    "selectedColor": "#1296db",
		 
	    "borderStyle": "black",
	    "backgroundColor": "#FFFFFF",
	    "list": [{
	        "pagePath": "pages/index/index",
	        "iconPath": "static/work4.png",
	        "selectedIconPath": "static/work2.png",
	        "text": "工作台"
	    }, 
		{
		    "pagePath": "pages/index/check",
		    "iconPath": "static/check2.png",
		    "selectedIconPath": "static/check1.png",
		    "text": "治疗登记"
		}, {
	        "pagePath": "pages/index/centerPay/centerPay",
	        "iconPath": "static/pay4.png",
	        "selectedIconPath": "static/pay.png",
	        "text": "确认收费"
	    }]
	},
	"globalStyle": {
		"style":{
			"app-plus":{"titleNView":false}
		},
		"navigationBarTextStyle": "black",
		"navigationBarTitleText": "uni-app",
		"navigationBarBackgroundColor": "#F8F8F8",
		"backgroundColor": "#F8F8F8"
	},
	"condition" : { //模式配置，仅开发期间生效
		"current": 0, //当前激活的模式(list 的索引项)
		"list": [
			{
				"name": "", //模式名称
				"path": "", //启动页面，必选
				"query": "" //启动参数，在页面的onLoad函数里面得到
			}
		]
	}
}
